ท็อปเรดิโอ Top Radio FM93.5,http://a10.asurahosting.com:8250/radio.mp3?refresh=1751553164542
คลื่นความคิด FM96.5,http://e4hq2o44.mcot.net/FM965/fm965.stream_aac/chunklist_w949011144.m3u8
Always Christmas Radio,http://185.33.21.112:80/christmas_128
Klassik Radio,http://stream.klassikradio.de/christmas/mp3-128/radiode
Christmas Radio,http://cp1.hostcrate.com:8018
Christmas Tradional,http://listen.181fm.com/181-xtraditional_128k.mp3
Chou Chou,http://stream1.10223.cc:8025/chouchou_ch
Smooth Loungue,http://smoothjazz.cdnstream1.com/2586_128.mp3
Solo Piano Radio,http://pianosolo.streamguys.net/live
Unter uns gesagt,http://www.unter-uns-gesagt.de/download/song.mp3
Muddy's Music Cafe,http://muddys.digistream.info:20398
Got Radio,http://206.217.213.235:8040/
Chill Step,http://chillstep.info:1984/listen.mp3
Cinemix,http://kathy.torontocast.com:1190/stream
Radionomy,http://listen.radionomy.com:80/InstrumentalBreezes
Slow Radio,http://stream3.slowradio.com:80
Baroque,http://strm112.1.fm/baroque_mobile_mp3
Stereoscenic,http://radio.stereoscenic.com/ama-h
Kaleidoscope,http://kaleidoscope.groover.stream
Chou Chou Sim,http://stream3.10223.cc:8025/cc_sim_v4
